PO_day,PO_date,PO_start_time,PO_end_time,PO_posting_date,PO_posting_time,PO_duration(Hrs),PO_start_time_short,PO_end_time_short
Thursday,2022-04-07 00:00:00,1900-01-01 09:00:00,1900-01-01 14:00:00,2022-07-04 00:00:00,7:36:07 AM,5.0,09:00:00,14:00:00
Monday,2022-02-07 00:00:00,1900-01-01 09:00:00,1900-01-01 14:00:00,2022-07-01 00:00:00,8:45:31 AM,5.0,09:00:00,14:00:00
Friday,2022-01-07 00:00:00,1900-01-01 09:00:00,1900-01-01 14:00:00,2022-07-01 00:00:00,8:38:58 AM,5.0,09:00:00,14:00:00
Thursday,2022-06-30 00:00:00,1900-01-01 09:00:00,1900-01-01 14:00:00,2022-06-30 00:00:00,8:10:28 AM,5.0,09:00:00,14:00:00
Wednesday,2022-06-29 00:00:00,1900-01-01 09:00:00,1900-01-01 14:00:00,2022-06-28 00:00:00,3:47:10 PM,5.0,09:00:00,14:00:00
Tuesday,2022-06-28 00:00:00,1900-01-01 09:00:00,1900-01-01 14:00:00,2022-06-27 00:00:00,9:37:59 AM,5.0,09:00:00,14:00:00
Monday,2022-06-27 00:00:00,1900-01-01 09:00:00,1900-01-01 14:00:00,2022-06-26 00:00:00,9:50:43 PM,5.0,09:00:00,14:00:00
Saturday,2022-06-25 00:00:00,1900-01-01 09:00:00,1900-01-01 14:00:00,2022-06-25 00:00:00,8:12:03 AM,5.0,09:00:00,14:00:00
Friday,2022-06-24 00:00:00,1900-01-01 09:00:00,1900-01-01 14:00:00,2022-06-23 00:00:00,1:13:07 PM,5.0,09:00:00,14:00:00
Thursday,2022-06-23 00:00:00,1900-01-01 09:00:00,1900-01-01 14:00:00,2022-06-22 00:00:00,3:18:24 PM,5.0,09:00:00,14:00:00
Wednesday,2022-06-22 00:00:00,1900-01-01 09:00:00,1900-01-01 14:00:00,2022-06-21 00:00:00,9:08:10 AM,5.0,09:00:00,14:00:00
Tuesday,2022-06-21 00:00:00,1900-01-01 09:00:00,1900-01-01 14:00:00,2022-06-21 00:00:00,8:37:33 AM,5.0,09:00:00,14:00:00
Monday,2022-06-20 00:00:00,1900-01-01 09:00:00,1900-01-01 14:00:00,2022-06-20 00:00:00,8:19:31 AM,5.0,09:00:00,14:00:00
Saturday,2022-06-18 00:00:00,1900-01-01 09:00:00,1900-01-01 14:00:00,2022-06-18 00:00:00,12:28:23 PM,5.0,09:00:00,14:00:00
Friday,2022-06-17 00:00:00,1900-01-01 09:00:00,1900-01-01 14:00:00,2022-06-15 00:00:00,9:53:54 PM,5.0,09:00:00,14:00:00
Thursday,2022-06-16 00:00:00,1900-01-01 09:00:00,1900-01-01 14:00:00,2022-06-15 00:00:00,9:51:09 PM,5.0,09:00:00,14:00:00
Wednesday,2022-06-15 00:00:00,1900-01-01 09:00:00,1900-01-01 14:00:00,2022-06-14 00:00:00,4:49:43 PM,5.0,09:00:00,14:00:00
Tuesday,2022-06-14 00:00:00,1900-01-01 09:00:00,1900-01-01 14:00:00,2022-06-13 00:00:00,9:26:11 AM,5.0,09:00:00,14:00:00
Monday,2022-06-13 00:00:00,1900-01-01 09:00:00,1900-01-01 14:00:00,2022-06-13 00:00:00,9:22:11 AM,5.0,09:00:00,14:00:00
Sunday,2022-11-06 00:00:00,1900-01-01 09:00:00,1900-01-01 14:00:00,2022-06-11 00:00:00,9:36:52 AM,5.0,09:00:00,14:00:00
Thursday,2022-10-06 00:00:00,1900-01-01 09:00:00,1900-01-01 14:00:00,2022-06-09 00:00:00,1:10:44 PM,5.0,09:00:00,14:00:00
Tuesday,2022-09-06 00:00:00,1900-01-01 09:00:00,1900-01-01 14:00:00,2022-06-09 00:00:00,1:01:33 PM,5.0,09:00:00,14:00:00
Wednesday,2022-07-06 00:00:00,1900-01-01 09:00:00,1900-01-01 14:00:00,2022-06-07 00:00:00,10:50:52 AM,5.0,09:00:00,14:00:00
Saturday,2022-08-06 00:00:00,1900-01-01 09:00:00,1900-01-01 14:00:00,2022-06-06 00:00:00,10:24:11 PM,5.0,09:00:00,14:00:00
Sunday,2022-06-05 00:00:00,1900-01-01 09:00:00,1900-01-01 14:00:00,2022-06-05 00:00:00,9:39:36 PM,5.0,09:00:00,14:00:00
Sunday,2022-09-04 00:00:00,1900-01-01 09:00:00,1900-01-01 14:00:00,2022-04-09 00:00:00,8:04:55 AM,5.0,09:00:00,14:00:00
Saturday,2022-06-04 00:00:00,1900-01-01 09:00:00,1900-01-01 14:00:00,2022-04-05 00:00:00,9:33:57 PM,5.0,09:00:00,14:00:00
Wednesday,2022-05-04 00:00:00,1900-01-01 09:00:00,1900-01-01 14:00:00,2022-04-04 00:00:00,10:10:22 AM,5.0,09:00:00,14:00:00
Monday,2022-04-04 00:00:00,1900-01-01 09:00:00,1900-01-01 14:00:00,2022-04-04 00:00:00,7:29:49 AM,5.0,09:00:00,14:00:00
Friday,2022-02-04 00:00:00,1900-01-01 09:00:00,1900-01-01 14:00:00,2022-04-01 00:00:00,12:51:34 PM,5.0,09:00:00,14:00:00
Tuesday,2022-01-04 00:00:00,1900-01-01 09:00:00,1900-01-01 14:00:00,2022-03-31 00:00:00,7:09:12 PM,5.0,09:00:00,14:00:00
Thursday,2022-03-31 00:00:00,1900-01-01 09:00:00,1900-01-01 14:00:00,2022-03-30 00:00:00,5:24:01 PM,5.0,09:00:00,14:00:00
Wednesday,2022-03-30 00:00:00,1900-01-01 09:00:00,1900-01-01 14:00:00,2022-03-29 00:00:00,9:53:01 PM,5.0,09:00:00,14:00:00
Tuesday,2022-03-29 00:00:00,1900-01-01 09:00:00,1900-01-01 14:00:00,2022-03-28 00:00:00,10:06:52 AM,5.0,09:00:00,14:00:00
Saturday,2022-03-26 00:00:00,1900-01-01 09:00:00,1900-01-01 14:00:00,2022-03-25 00:00:00,6:30:53 PM,5.0,09:00:00,14:00:00
Friday,2022-03-25 00:00:00,1900-01-01 09:00:00,1900-01-01 14:00:00,2022-03-24 00:00:00,6:24:39 PM,5.0,09:00:00,14:00:00
Saturday,2022-03-19 00:00:00,1900-01-01 09:00:00,1900-01-01 14:00:00,2022-03-18 00:00:00,9:34:30 PM,5.0,09:00:00,14:00:00
Friday,2022-03-18 00:00:00,1900-01-01 09:00:00,1900-01-01 14:00:00,2022-03-17 00:00:00,1:02:00 PM,5.0,09:00:00,14:00:00
Thursday,2022-03-17 00:00:00,1900-01-01 09:00:00,1900-01-01 14:00:00,2022-03-16 00:00:00,4:21:16 PM,5.0,09:00:00,14:00:00
Wednesday,2022-03-16 00:00:00,1900-01-01 09:00:00,1900-01-01 14:00:00,2022-03-15 00:00:00,9:33:41 PM,5.0,09:00:00,14:00:00
Tuesday,2022-03-15 00:00:00,1900-01-01 09:00:00,1900-01-01 14:00:00,2022-03-15 00:00:00,7:12:40 AM,5.0,09:00:00,14:00:00
Monday,2022-03-14 00:00:00,1900-01-01 09:00:00,1900-01-01 14:00:00,2022-03-14 00:00:00,9:29:19 AM,5.0,09:00:00,14:00:00
Saturday,2022-12-03 00:00:00,1900-01-01 09:00:00,1900-01-01 14:00:00,2022-03-11 00:00:00,9:15:22 AM,5.0,09:00:00,14:00:00
Thursday,2022-11-03 00:00:00,1900-01-01 09:00:00,1900-01-01 14:00:00,2022-03-10 00:00:00,10:06:57 PM,5.0,09:00:00,14:00:00
Monday,2022-10-03 00:00:00,1900-01-01 09:00:00,1900-01-01 14:00:00,2022-03-08 00:00:00,10:48:52 PM,5.0,09:00:00,14:00:00
Saturday,2022-09-03 00:00:00,1900-01-01 09:00:00,1900-01-01 14:00:00,2022-03-08 00:00:00,10:31:08 PM,5.0,09:00:00,14:00:00
Wednesday,2022-08-03 00:00:00,1900-01-01 09:00:00,1900-01-01 14:00:00,2022-03-07 00:00:00,5:35:19 PM,5.0,09:00:00,14:00:00
Sunday,2022-07-03 00:00:00,1900-01-01 09:00:00,1900-01-01 14:00:00,2022-03-07 00:00:00,7:57:44 AM,5.0,09:00:00,14:00:00
Sunday,2022-04-03 00:00:00,1900-01-01 09:00:00,1900-01-01 14:00:00,2022-03-03 00:00:00,10:31:54 AM,5.0,09:00:00,14:00:00
Thursday,2022-03-03 00:00:00,1900-01-01 09:00:00,1900-01-01 14:00:00,2022-03-02 00:00:00,10:55:44 PM,5.0,09:00:00,14:00:00
Thursday,2022-02-03 00:00:00,1900-01-01 09:00:00,1900-01-01 14:00:00,2022-03-01 00:00:00,2:58:55 PM,5.0,09:00:00,14:00:00
Monday,2022-01-03 00:00:00,1900-01-01 09:00:00,1900-01-01 14:00:00,2022-02-28 00:00:00,8:50:55 AM,5.0,09:00:00,14:00:00
Monday,2022-02-28 00:00:00,1900-01-01 09:00:00,1900-01-01 14:00:00,2022-02-26 00:00:00,10:14:43 PM,5.0,09:00:00,14:00:00
Saturday,2022-02-26 00:00:00,1900-01-01 09:00:00,1900-01-01 14:00:00,2022-02-26 00:00:00,8:02:22 AM,5.0,09:00:00,14:00:00
Friday,2022-02-25 00:00:00,1900-01-01 09:00:00,1900-01-01 14:00:00,2022-02-24 00:00:00,4:07:40 PM,5.0,09:00:00,14:00:00
Wednesday,2022-02-23 00:00:00,1900-01-01 09:00:00,1900-01-01 14:00:00,2022-02-21 00:00:00,9:34:53 PM,5.0,09:00:00,14:00:00
Saturday,2022-01-29 00:00:00,1900-01-01 09:00:00,1900-01-01 14:00:00,2022-01-28 00:00:00,9:20:09 PM,5.0,09:00:00,14:00:00
Friday,2022-01-28 00:00:00,1900-01-01 09:00:00,1900-01-01 14:00:00,2022-01-26 00:00:00,9:12:04 PM,5.0,09:00:00,14:00:00
Thursday,2022-01-27 00:00:00,1900-01-01 09:00:00,1900-01-01 14:00:00,2022-01-26 00:00:00,9:11:24 PM,5.0,09:00:00,14:00:00
Tuesday,2022-01-25 00:00:00,1900-01-01 09:00:00,1900-01-01 14:00:00,2022-01-24 00:00:00,11:12:17 PM,5.0,09:00:00,14:00:00
Monday,2022-01-24 00:00:00,1900-01-01 09:00:00,1900-01-01 14:00:00,2022-01-24 00:00:00,8:50:39 AM,5.0,09:00:00,14:00:00
Saturday,2022-01-22 00:00:00,1900-01-01 09:00:00,1900-01-01 14:00:00,2022-01-22 00:00:00,8:09:10 AM,5.0,09:00:00,14:00:00
Friday,2022-01-21 00:00:00,1900-01-01 09:00:00,1900-01-01 14:00:00,2022-01-20 00:00:00,9:41:14 PM,5.0,09:00:00,14:00:00
Thursday,2022-01-20 00:00:00,1900-01-01 09:00:00,1900-01-01 14:00:00,2022-01-18 00:00:00,9:23:33 PM,5.0,09:00:00,14:00:00
Wednesday,2022-01-19 00:00:00,1900-01-01 09:00:00,1900-01-01 14:00:00,2022-01-15 00:00:00,12:10:34 PM,5.0,09:00:00,14:00:00
Thursday,2022-12-01 00:00:00,1900-01-01 09:00:00,1900-01-01 14:00:00,2022-01-12 00:00:00,8:25:46 AM,5.0,09:00:00,14:00:00
Saturday,2022-10-01 00:00:00,1900-01-01 09:00:00,1900-01-01 14:00:00,2022-01-09 00:00:00,10:29:04 PM,5.0,09:00:00,14:00:00
Monday,2022-08-01 00:00:00,1900-01-01 09:00:00,1900-01-01 14:00:00,2022-01-07 00:00:00,7:41:53 AM,5.0,09:00:00,14:00:00
Friday,2022-07-01 00:00:00,1900-01-01 09:00:00,1900-01-01 14:00:00,2022-01-07 00:00:00,7:04:41 AM,5.0,09:00:00,14:00:00
Wednesday,2022-06-01 00:00:00,1900-01-01 09:00:00,1900-01-01 14:00:00,2022-01-05 00:00:00,4:11:33 PM,5.0,09:00:00,14:00:00
Sunday,2022-05-01 00:00:00,1900-01-01 09:00:00,1900-01-01 14:00:00,2022-01-04 00:00:00,8:06:20 AM,5.0,09:00:00,14:00:00
Friday,2022-04-01 00:00:00,1900-01-01 09:00:00,1900-01-01 14:00:00,2022-01-01 00:00:00,10:17:47 PM,5.0,09:00:00,14:00:00
Friday,2021-12-31 00:00:00,1900-01-01 09:00:00,1900-01-01 14:00:00,2021-12-31 00:00:00,9:58:53 AM,5.0,09:00:00,14:00:00
Thursday,2021-12-30 00:00:00,1900-01-01 09:00:00,1900-01-01 14:00:00,2021-12-29 00:00:00,9:05:46 PM,5.0,09:00:00,14:00:00
Wednesday,2021-12-29 00:00:00,1900-01-01 09:00:00,1900-01-01 14:00:00,2021-12-28 00:00:00,12:27:13 PM,5.0,09:00:00,14:00:00
Monday,2021-12-27 00:00:00,1900-01-01 09:00:00,1900-01-01 14:00:00,2021-12-24 00:00:00,9:41:35 PM,5.0,09:00:00,14:00:00
Tuesday,2021-12-28 00:00:00,1900-01-01 09:00:00,1900-01-01 14:00:00,2021-12-24 00:00:00,9:41:25 PM,5.0,09:00:00,14:00:00
Thursday,2021-12-23 00:00:00,1900-01-01 09:00:00,1900-01-01 17:00:00,2021-12-22 00:00:00,5:25:38 PM,8.0,09:00:00,17:00:00
Friday,2021-12-24 00:00:00,1900-01-01 09:00:00,1900-01-01 17:00:00,2021-12-22 00:00:00,5:23:12 PM,8.0,09:00:00,17:00:00
Wednesday,2021-12-22 00:00:00,1900-01-01 09:00:00,1900-01-01 17:00:00,2021-12-21 00:00:00,5:41:33 PM,8.0,09:00:00,17:00:00
Tuesday,2021-12-21 00:00:00,1900-01-01 09:00:00,1900-01-01 17:00:00,2021-12-19 00:00:00,9:17:26 PM,8.0,09:00:00,17:00:00
Monday,2021-12-20 00:00:00,1900-01-01 09:00:00,1900-01-01 17:00:00,2021-12-19 00:00:00,9:13:28 PM,8.0,09:00:00,17:00:00
Saturday,2021-12-18 00:00:00,1900-01-01 09:00:00,1900-01-01 17:00:00,2021-12-17 00:00:00,4:49:22 PM,8.0,09:00:00,17:00:00
Friday,2021-12-17 00:00:00,1900-01-01 09:00:00,1900-01-01 16:00:00,2021-12-17 00:00:00,7:57:04 AM,7.0,09:00:00,16:00:00
Thursday,2021-12-16 00:00:00,1900-01-01 09:00:00,1900-01-01 17:00:00,2021-12-14 00:00:00,9:26:04 PM,8.0,09:00:00,17:00:00
Wednesday,2021-12-15 00:00:00,1900-01-01 09:00:00,1900-01-01 16:00:00,2021-12-13 00:00:00,5:21:15 PM,7.0,09:00:00,16:00:00
Friday,2021-11-12 00:00:00,1900-01-01 09:00:00,1900-01-01 16:00:00,2021-12-10 00:00:00,9:30:52 PM,7.0,09:00:00,16:00:00
Sunday,2021-09-12 00:00:00,1900-01-01 09:00:00,1900-01-01 14:00:00,2021-12-08 00:00:00,9:28:59 PM,5.0,09:00:00,14:00:00
Tuesday,2021-10-12 00:00:00,1900-01-01 09:00:00,1900-01-01 16:00:00,2021-12-08 00:00:00,9:28:14 PM,7.0,09:00:00,16:00:00
Thursday,2021-08-12 00:00:00,1900-01-01 09:00:00,1900-01-01 14:00:00,2021-12-07 00:00:00,10:00:41 AM,5.0,09:00:00,14:00:00
Monday,2021-07-12 00:00:00,1900-01-01 09:00:00,1900-01-01 14:00:00,2021-12-06 00:00:00,5:34:21 PM,5.0,09:00:00,14:00:00
Friday,2021-03-12 00:00:00,1900-01-01 09:00:00,1900-01-01 14:00:00,2021-12-02 00:00:00,8:45:45 AM,5.0,09:00:00,14:00:00
Friday,2021-02-12 00:00:00,1900-01-01 09:00:00,1900-01-01 14:00:00,2021-12-01 00:00:00,8:43:00 AM,5.0,09:00:00,14:00:00
Monday,2021-11-29 00:00:00,1900-01-01 09:00:00,1900-01-01 14:00:00,2021-11-29 00:00:00,9:18:24 AM,5.0,09:00:00,14:00:00
Tuesday,2021-11-30 00:00:00,1900-01-01 09:00:00,1900-01-01 14:00:00,2021-11-29 00:00:00,9:15:07 AM,5.0,09:00:00,14:00:00
Thursday,2021-11-25 00:00:00,1900-01-01 09:00:00,1900-01-01 14:00:00,2021-11-25 00:00:00,7:05:16 AM,5.0,09:00:00,14:00:00
Friday,2021-11-26 00:00:00,1900-01-01 09:00:00,1900-01-01 14:00:00,2021-11-25 00:00:00,7:05:08 AM,5.0,09:00:00,14:00:00
Wednesday,2021-11-24 00:00:00,1900-01-01 09:00:00,1900-01-01 14:00:00,2021-11-22 00:00:00,9:35:58 PM,5.0,09:00:00,14:00:00
Friday,2021-11-19 00:00:00,1900-01-01 09:00:00,1900-01-01 14:00:00,2021-11-17 00:00:00,6:10:28 PM,5.0,09:00:00,14:00:00
Wednesday,2021-11-17 00:00:00,1900-01-01 09:00:00,1900-01-01 14:00:00,2021-11-15 00:00:00,9:30:07 PM,5.0,09:00:00,14:00:00
Monday,2021-10-11 00:00:00,1900-01-01 09:00:00,1900-01-01 14:00:00,2021-11-09 00:00:00,10:16:23 AM,5.0,09:00:00,14:00:00
Friday,2021-06-11 00:00:00,1900-01-01 09:00:00,1900-01-01 14:00:00,2021-11-05 00:00:00,9:52:41 PM,5.0,09:00:00,14:00:00
Wednesday,2021-08-11 00:00:00,1900-01-01 09:00:00,1900-01-01 14:00:00,2021-11-05 00:00:00,9:52:17 PM,5.0,09:00:00,14:00:00
Saturday,2021-10-30 00:00:00,1900-01-01 09:00:00,1900-01-01 16:00:00,2021-10-29 00:00:00,5:46:33 PM,7.0,09:00:00,16:00:00
Friday,2021-10-29 00:00:00,1900-01-01 09:00:00,1900-01-01 16:00:00,2021-10-27 00:00:00,9:55:14 PM,7.0,09:00:00,16:00:00
Wednesday,2021-10-27 00:00:00,1900-01-01 09:00:00,1900-01-01 16:00:00,2021-10-26 00:00:00,5:17:31 PM,7.0,09:00:00,16:00:00
Thursday,2021-10-28 00:00:00,1900-01-01 09:00:00,1900-01-01 16:00:00,2021-10-26 00:00:00,5:09:54 PM,7.0,09:00:00,16:00:00
Tuesday,2021-10-26 00:00:00,1900-01-01 09:00:00,1900-01-01 16:00:00,2021-10-25 00:00:00,9:39:01 PM,7.0,09:00:00,16:00:00
Monday,2021-10-25 00:00:00,1900-01-01 09:00:00,1900-01-01 16:00:00,2021-10-24 00:00:00,6:04:57 PM,7.0,09:00:00,16:00:00
Saturday,2021-10-23 00:00:00,1900-01-01 09:00:00,1900-01-01 16:00:00,2021-10-21 00:00:00,10:42:54 PM,7.0,09:00:00,16:00:00
Thursday,2021-10-21 00:00:00,1900-01-01 09:00:00,1900-01-01 16:00:00,2021-10-19 00:00:00,9:33:14 PM,7.0,09:00:00,16:00:00
Monday,2021-10-18 00:00:00,1900-01-01 09:00:00,1900-01-01 16:00:00,2021-10-17 00:00:00,10:11:21 PM,7.0,09:00:00,16:00:00
Saturday,2021-10-16 00:00:00,1900-01-01 09:00:00,1900-01-01 16:00:00,2021-10-13 00:00:00,5:58:33 PM,7.0,09:00:00,16:00:00
Friday,2021-12-10 00:00:00,1900-01-01 09:00:00,1900-01-01 16:00:00,2021-10-10 00:00:00,11:50:35 AM,7.0,09:00:00,16:00:00
Tuesday,2021-08-10 00:00:00,1900-01-01 09:00:00,1900-01-01 16:00:00,2021-10-07 00:00:00,9:24:52 PM,7.0,09:00:00,16:00:00
Saturday,2021-07-10 00:00:00,1900-01-01 09:00:00,1900-01-01 16:00:00,2021-10-06 00:00:00,9:27:20 PM,7.0,09:00:00,16:00:00
Thursday,2021-06-10 00:00:00,1900-01-01 09:00:00,1900-01-01 16:00:00,2021-10-06 00:00:00,7:14:29 AM,7.0,09:00:00,16:00:00
Monday,2021-05-10 00:00:00,1900-01-01 09:00:00,1900-01-01 16:00:00,2021-10-03 00:00:00,8:39:00 PM,7.0,09:00:00,16:00:00
Saturday,2021-04-10 00:00:00,1900-01-01 09:00:00,1900-01-01 16:00:00,2021-10-03 00:00:00,8:35:54 PM,7.0,09:00:00,16:00:00
Sunday,2021-01-10 00:00:00,1900-01-01 09:00:00,1900-01-01 16:00:00,2021-09-30 00:00:00,7:14:27 AM,7.0,09:00:00,16:00:00
Thursday,2021-09-30 00:00:00,1900-01-01 09:00:00,1900-01-01 14:00:00,2021-09-28 00:00:00,6:23:46 PM,5.0,09:00:00,14:00:00
Tuesday,2021-09-28 00:00:00,1900-01-01 09:00:00,1900-01-01 14:00:00,2021-09-28 00:00:00,7:17:36 AM,5.0,09:00:00,14:00:00
Monday,2021-09-27 00:00:00,1900-01-01 09:00:00,1900-01-01 14:00:00,2021-09-27 00:00:00,7:15:46 AM,5.0,09:00:00,14:00:00
Friday,2021-09-24 00:00:00,1900-01-01 09:00:00,1900-01-01 14:00:00,2021-09-22 00:00:00,6:15:58 PM,5.0,09:00:00,14:00:00
Thursday,2021-09-23 00:00:00,1900-01-01 09:00:00,1900-01-01 14:00:00,2021-09-22 00:00:00,6:10:10 PM,5.0,09:00:00,14:00:00
Wednesday,2021-09-22 00:00:00,1900-01-01 09:00:00,1900-01-01 14:00:00,2021-09-20 00:00:00,9:41:32 PM,5.0,09:00:00,14:00:00
Monday,2021-09-20 00:00:00,1900-01-01 09:00:00,1900-01-01 14:00:00,2021-09-19 00:00:00,10:47:44 PM,5.0,09:00:00,14:00:00
Saturday,2021-09-18 00:00:00,1900-01-01 09:00:00,1900-01-01 14:00:00,2021-09-16 00:00:00,10:17:56 PM,5.0,09:00:00,14:00:00
Wednesday,2021-09-15 00:00:00,1900-01-01 09:00:00,1900-01-01 14:00:00,2021-09-15 00:00:00,9:45:01 AM,5.0,09:00:00,14:00:00
Monday,2021-09-13 00:00:00,1900-01-01 09:00:00,1900-01-01 14:00:00,2021-09-12 00:00:00,12:03:13 PM,5.0,09:00:00,14:00:00
Tuesday,2021-09-14 00:00:00,1900-01-01 09:00:00,1900-01-01 14:00:00,2021-09-12 00:00:00,12:03:09 PM,5.0,09:00:00,14:00:00
Thursday,2021-09-09 00:00:00,1900-01-01 09:00:00,1900-01-01 14:00:00,2021-09-08 00:00:00,10:52:06 PM,5.0,09:00:00,14:00:00
Monday,2021-08-09 00:00:00,1900-01-01 09:00:00,1900-01-01 14:00:00,2021-09-07 00:00:00,10:37:27 PM,5.0,09:00:00,14:00:00
Tuesday,2021-03-09 00:00:00,1900-01-01 09:00:00,1900-01-01 14:00:00,2021-09-02 00:00:00,12:50:32 PM,5.0,09:00:00,14:00:00
Tuesday,2021-02-09 00:00:00,1900-01-01 09:00:00,1900-01-01 14:00:00,2021-09-01 00:00:00,11:49:39 AM,5.0,09:00:00,14:00:00
Saturday,2021-01-09 00:00:00,1900-01-01 09:00:00,1900-01-01 14:00:00,2021-08-30 00:00:00,9:54:31 AM,5.0,09:00:00,14:00:00
Tuesday,2021-08-31 00:00:00,1900-01-01 09:00:00,1900-01-01 14:00:00,2021-08-30 00:00:00,9:51:42 AM,5.0,09:00:00,14:00:00
Friday,2021-08-27 00:00:00,1900-01-01 09:00:00,1900-01-01 14:00:00,2021-08-26 00:00:00,10:14:03 PM,5.0,09:00:00,14:00:00
Saturday,2021-08-28 00:00:00,1900-01-01 09:00:00,1900-01-01 14:00:00,2021-08-26 00:00:00,10:03:44 PM,5.0,09:00:00,14:00:00
Thursday,2021-08-26 00:00:00,1900-01-01 09:00:00,1900-01-01 14:00:00,2021-08-26 00:00:00,9:24:08 AM,5.0,09:00:00,14:00:00
Wednesday,2021-08-25 00:00:00,1900-01-01 09:00:00,1900-01-01 14:00:00,2021-08-25 00:00:00,8:37:58 AM,5.0,09:00:00,14:00:00
Tuesday,2021-08-24 00:00:00,1900-01-01 09:00:00,1900-01-01 14:00:00,2021-08-23 00:00:00,10:18:56 AM,5.0,09:00:00,14:00:00
Monday,2021-08-23 00:00:00,1900-01-01 09:00:00,1900-01-01 14:00:00,2021-08-22 00:00:00,10:14:18 PM,5.0,09:00:00,14:00:00
Wednesday,2021-12-08 00:00:00,1900-01-01 09:00:00,1900-01-01 14:00:00,2021-08-12 00:00:00,1:05:18 PM,5.0,09:00:00,14:00:00
Friday,2021-10-08 00:00:00,1900-01-01 09:00:00,1900-01-01 14:00:00,2021-08-09 00:00:00,10:09:45 PM,5.0,09:00:00,14:00:00
Monday,2021-11-08 00:00:00,1900-01-01 09:00:00,1900-01-01 14:00:00,2021-08-09 00:00:00,10:09:07 PM,5.0,09:00:00,14:00:00
Thursday,2021-07-08 00:00:00,1900-01-01 09:00:00,1900-01-01 17:00:00,2021-08-06 00:00:00,11:46:58 AM,8.0,09:00:00,17:00:00
Tuesday,2021-06-08 00:00:00,1900-01-01 09:00:00,1900-01-01 17:00:00,2021-08-06 00:00:00,9:32:34 AM,8.0,09:00:00,17:00:00
Monday,2021-02-08 00:00:00,1900-01-01 09:00:00,1900-01-01 17:00:00,2021-08-01 00:00:00,6:21:57 PM,8.0,09:00:00,17:00:00
Monday,2021-03-08 00:00:00,1900-01-01 09:00:00,1900-01-01 14:00:00,2021-08-01 00:00:00,6:18:11 PM,5.0,09:00:00,14:00:00
Saturday,2021-07-31 00:00:00,1900-01-01 09:00:00,1900-01-01 17:00:00,2021-07-30 00:00:00,9:41:27 PM,8.0,09:00:00,17:00:00
Thursday,2021-07-29 00:00:00,1900-01-01 09:00:00,1900-01-01 14:00:00,2021-07-28 00:00:00,9:04:00 AM,5.0,09:00:00,14:00:00
Wednesday,2021-07-28 00:00:00,1900-01-01 09:00:00,1900-01-01 14:00:00,2021-07-28 00:00:00,8:47:29 AM,5.0,09:00:00,14:00:00
Monday,2021-07-26 00:00:00,1900-01-01 09:00:00,1900-01-01 14:00:00,2021-07-26 00:00:00,9:24:11 AM,5.0,09:00:00,14:00:00
Tuesday,2021-07-27 00:00:00,1900-01-01 09:00:00,1900-01-01 14:00:00,2021-07-24 00:00:00,9:54:53 AM,5.0,09:00:00,14:00:00
Friday,2021-07-23 00:00:00,1900-01-01 09:00:00,1900-01-01 14:00:00,2021-07-23 00:00:00,7:45:09 AM,5.0,09:00:00,14:00:00
Saturday,2021-07-24 00:00:00,1900-01-01 09:00:00,1900-01-01 14:00:00,2021-07-23 00:00:00,7:43:52 AM,5.0,09:00:00,14:00:00
Thursday,2021-07-22 00:00:00,1900-01-01 09:00:00,1900-01-01 17:00:00,2021-07-21 00:00:00,8:20:52 AM,8.0,09:00:00,17:00:00
Monday,2021-07-19 00:00:00,1900-01-01 09:00:00,1900-01-01 14:00:00,2021-07-19 00:00:00,8:21:11 AM,5.0,09:00:00,14:00:00
Tuesday,2021-07-20 00:00:00,1900-01-01 09:00:00,1900-01-01 14:00:00,2021-07-19 00:00:00,8:16:52 AM,5.0,09:00:00,14:00:00
Saturday,2021-07-17 00:00:00,1900-01-01 09:00:00,1900-01-01 14:00:00,2021-07-16 00:00:00,8:27:40 AM,5.0,09:00:00,14:00:00
Friday,2021-07-16 00:00:00,1900-01-01 09:00:00,1900-01-01 17:00:00,2021-07-15 00:00:00,10:08:55 AM,8.0,09:00:00,17:00:00
Thursday,2021-07-15 00:00:00,1900-01-01 09:00:00,1900-01-01 17:00:00,2021-07-13 00:00:00,9:38:11 PM,8.0,09:00:00,17:00:00
Tuesday,2021-12-07 00:00:00,1900-01-01 09:00:00,1900-01-01 17:00:00,2021-07-10 00:00:00,8:46:20 AM,8.0,09:00:00,17:00:00
Tuesday,2021-06-29 00:00:00,1900-01-01 09:00:00,1900-01-01 13:00:00,2021-06-28 00:00:00,10:23:59 PM,4.0,09:00:00,13:00:00
Sunday,2021-06-27 00:00:00,1900-01-01 09:00:00,1900-01-01 13:00:00,2021-06-26 00:00:00,6:02:34 PM,4.0,09:00:00,13:00:00
Monday,2021-06-28 00:00:00,1900-01-01 09:00:00,1900-01-01 13:00:00,2021-06-26 00:00:00,5:55:59 PM,4.0,09:00:00,13:00:00
Saturday,2021-06-26 00:00:00,1900-01-01 09:00:00,1900-01-01 13:00:00,2021-06-25 00:00:00,8:23:07 PM,4.0,09:00:00,13:00:00
Friday,2021-06-25 00:00:00,1900-01-01 09:00:00,1900-01-01 13:00:00,2021-06-24 00:00:00,2:53:09 PM,4.0,09:00:00,13:00:00
Thursday,2021-06-24 00:00:00,1900-01-01 09:00:00,1900-01-01 13:00:00,2021-06-23 00:00:00,10:25:02 AM,4.0,09:00:00,13:00:00
Wednesday,2021-06-23 00:00:00,1900-01-01 09:00:00,1900-01-01 13:00:00,2021-06-22 00:00:00,9:59:05 AM,4.0,09:00:00,13:00:00
Monday,2021-06-21 00:00:00,1900-01-01 09:00:00,1900-01-01 13:00:00,2021-06-21 00:00:00,8:12:07 AM,4.0,09:00:00,13:00:00
Tuesday,2021-06-22 00:00:00,1900-01-01 09:00:00,1900-01-01 13:00:00,2021-06-21 00:00:00,8:05:26 AM,4.0,09:00:00,13:00:00
Saturday,2021-06-19 00:00:00,1900-01-01 09:00:00,1900-01-01 13:00:00,2021-06-18 00:00:00,2:25:58 PM,4.0,09:00:00,13:00:00
Saturday,2021-02-06 00:00:00,1900-01-01 09:00:00,1900-01-01 12:00:00,2021-05-31 00:00:00,9:57:15 PM,3.0,09:00:00,12:00:00
Wednesday,2021-01-06 00:00:00,1900-01-01 09:00:00,1900-01-01 17:00:00,2021-05-31 00:00:00,7:05:30 PM,8.0,09:00:00,17:00:00
Friday,2021-04-30 00:00:00,1900-01-01 09:00:00,1900-01-01 17:00:00,2021-04-28 00:00:00,9:45:58 PM,8.0,09:00:00,17:00:00
Thursday,2021-04-29 00:00:00,1900-01-01 09:00:00,1900-01-01 17:00:00,2021-04-28 00:00:00,9:42:43 PM,8.0,09:00:00,17:00:00
Wednesday,2021-04-28 00:00:00,1900-01-01 09:00:00,1900-01-01 17:00:00,2021-04-26 00:00:00,8:49:54 PM,8.0,09:00:00,17:00:00
Tuesday,2021-04-27 00:00:00,1900-01-01 09:00:00,1900-01-01 17:00:00,2021-04-26 00:00:00,8:45:59 PM,8.0,09:00:00,17:00:00
Monday,2021-04-26 00:00:00,1900-01-01 09:00:00,1900-01-01 17:00:00,2021-04-26 00:00:00,4:03:05 PM,8.0,09:00:00,17:00:00
Friday,2021-04-23 00:00:00,1900-01-01 09:00:00,1900-01-01 17:00:00,2021-04-21 00:00:00,6:38:48 PM,8.0,09:00:00,17:00:00
Thursday,2021-04-22 00:00:00,1900-01-01 09:00:00,1900-01-01 17:00:00,2021-04-21 00:00:00,10:36:44 AM,8.0,09:00:00,17:00:00
Wednesday,2021-04-21 00:00:00,1900-01-01 09:00:00,1900-01-01 17:00:00,2021-04-19 00:00:00,6:23:32 PM,8.0,09:00:00,17:00:00
Tuesday,2021-04-20 00:00:00,1900-01-01 09:00:00,1900-01-01 17:00:00,2021-04-19 00:00:00,6:18:19 PM,8.0,09:00:00,17:00:00
Monday,2021-04-19 00:00:00,1900-01-01 09:00:00,1900-01-01 17:00:00,2021-04-19 00:00:00,9:53:43 AM,8.0,09:00:00,17:00:00
Saturday,2021-04-17 00:00:00,1900-01-01 09:00:00,1900-01-01 17:00:00,2021-04-17 00:00:00,9:06:09 AM,8.0,09:00:00,17:00:00
Friday,2021-04-16 00:00:00,1900-01-01 09:00:00,1900-01-01 17:00:00,2021-04-15 00:00:00,10:15:32 AM,8.0,09:00:00,17:00:00
Wednesday,2021-03-31 00:00:00,1900-01-01 09:00:00,1900-01-01 14:00:00,2021-03-30 00:00:00,9:46:12 AM,5.0,09:00:00,14:00:00
Tuesday,2021-03-30 00:00:00,1900-01-01 09:00:00,1900-01-01 14:00:00,2021-03-29 00:00:00,9:47:02 AM,5.0,09:00:00,14:00:00
Thursday,2021-03-25 00:00:00,1900-01-01 09:00:00,1900-01-01 14:00:00,2021-03-24 00:00:00,8:11:35 AM,5.0,09:00:00,14:00:00
Wednesday,2021-03-24 00:00:00,1900-01-01 09:00:00,1900-01-01 14:00:00,2021-03-23 00:00:00,9:00:04 AM,5.0,09:00:00,14:00:00
Tuesday,2021-03-23 00:00:00,1900-01-01 09:00:00,1900-01-01 14:00:00,2021-03-22 00:00:00,9:41:12 AM,5.0,09:00:00,14:00:00
Saturday,2021-03-20 00:00:00,1900-01-01 09:00:00,1900-01-01 14:00:00,2021-03-19 00:00:00,9:30:10 AM,5.0,09:00:00,14:00:00
Thursday,2021-03-18 00:00:00,1900-01-01 09:00:00,1900-01-01 14:00:00,2021-03-17 00:00:00,8:45:41 AM,5.0,09:00:00,14:00:00
Wednesday,2021-03-17 00:00:00,1900-01-01 09:00:00,1900-01-01 14:00:00,2021-03-16 00:00:00,8:57:31 AM,5.0,09:00:00,14:00:00
Tuesday,2021-03-16 00:00:00,1900-01-01 09:00:00,1900-01-01 17:00:00,2021-03-15 00:00:00,9:20:09 AM,8.0,09:00:00,17:00:00
Friday,2021-12-03 00:00:00,1900-01-01 09:00:00,1900-01-01 14:00:00,2021-03-11 00:00:00,8:47:57 AM,5.0,09:00:00,14:00:00
Wednesday,2021-11-03 00:00:00,1900-01-01 09:00:00,1900-01-01 14:00:00,2021-03-09 00:00:00,12:06:37 PM,5.0,09:00:00,14:00:00
Friday,2021-09-03 00:00:00,1900-01-01 09:00:00,1900-01-01 14:00:00,2021-03-08 00:00:00,9:30:22 AM,5.0,09:00:00,14:00:00
Thursday,2021-06-03 00:00:00,1900-01-01 09:00:00,1900-01-01 14:00:00,2021-03-04 00:00:00,9:52:31 PM,5.0,09:00:00,14:00:00
Monday,2021-05-03 00:00:00,1900-01-01 09:00:00,1900-01-01 14:00:00,2021-03-04 00:00:00,9:49:26 AM,5.0,09:00:00,14:00:00
Saturday,2021-04-03 00:00:00,1900-01-01 09:00:00,1900-01-01 14:00:00,2021-03-03 00:00:00,10:15:56 AM,5.0,09:00:00,14:00:00
Wednesday,2021-03-03 00:00:00,1900-01-01 09:00:00,1900-01-01 14:00:00,2021-03-02 00:00:00,9:43:27 AM,5.0,09:00:00,14:00:00
Wednesday,2021-02-03 00:00:00,1900-01-01 09:00:00,1900-01-01 14:00:00,2021-03-01 00:00:00,11:50:39 AM,5.0,09:00:00,14:00:00
Saturday,2021-02-27 00:00:00,1900-01-01 09:00:00,1900-01-01 17:00:00,2021-02-26 00:00:00,3:51:16 PM,8.0,09:00:00,17:00:00
Tuesday,2021-02-23 00:00:00,1900-01-01 09:00:00,1900-01-01 14:00:00,2021-02-22 00:00:00,9:59:07 AM,5.0,09:00:00,14:00:00
Thursday,2021-02-18 00:00:00,1900-01-01 09:00:00,1900-01-01 14:00:00,2021-02-17 00:00:00,10:45:19 AM,5.0,09:00:00,14:00:00
Tuesday,2021-02-16 00:00:00,1900-01-01 09:00:00,1900-01-01 14:00:00,2021-02-15 00:00:00,9:50:24 AM,5.0,09:00:00,14:00:00
Thursday,2021-12-02 00:00:00,1900-01-01 09:00:00,1900-01-01 14:00:00,2021-02-11 00:00:00,10:11:52 AM,5.0,09:00:00,14:00:00
Thursday,2021-09-02 00:00:00,1900-01-01 09:00:00,1900-01-01 14:00:00,2021-02-08 00:00:00,5:36:09 PM,5.0,09:00:00,14:00:00
Wednesday,2021-06-02 00:00:00,1900-01-01 09:00:00,1900-01-01 14:00:00,2021-02-05 00:00:00,10:20:54 AM,5.0,09:00:00,14:00:00
Thursday,2021-02-04 00:00:00,1900-01-01 09:00:00,1900-01-01 14:00:00,2021-02-03 00:00:00,2:36:25 PM,5.0,09:00:00,14:00:00
Thursday,2021-02-04 00:00:00,1900-01-01 09:00:00,1900-01-01 14:00:00,2021-02-03 00:00:00,2:33:34 PM,5.0,09:00:00,14:00:00
Tuesday,2021-02-02 00:00:00,1900-01-01 09:00:00,1900-01-01 14:00:00,2021-02-01 00:00:00,10:52:27 AM,5.0,09:00:00,14:00:00
Saturday,2021-01-30 00:00:00,1900-01-01 09:00:00,1900-01-01 14:00:00,2021-01-29 00:00:00,1:31:24 PM,5.0,09:00:00,14:00:00
Friday,2021-01-29 00:00:00,1900-01-01 09:00:00,1900-01-01 14:00:00,2021-01-28 00:00:00,10:56:43 AM,5.0,09:00:00,14:00:00
Thursday,2021-01-28 00:00:00,1900-01-01 09:00:00,1900-01-01 14:00:00,2021-01-27 00:00:00,4:02:19 PM,5.0,09:00:00,14:00:00
Monday,2021-01-25 00:00:00,1900-01-01 09:00:00,1900-01-01 14:00:00,2021-01-23 00:00:00,8:23:50 AM,5.0,09:00:00,14:00:00
Friday,2021-01-22 00:00:00,1900-01-01 09:00:00,1900-01-01 14:00:00,2021-01-21 00:00:00,10:07:25 AM,5.0,09:00:00,14:00:00
Thursday,2021-01-21 00:00:00,1900-01-01 09:00:00,1900-01-01 14:00:00,2021-01-20 00:00:00,7:25:51 PM,5.0,09:00:00,14:00:00
Sunday,2021-08-01 00:00:00,1900-01-01 09:00:00,1900-01-01 14:00:00,2021-01-07 00:00:00,9:30:11 PM,5.0,09:00:00,14:00:00
Thursday,2021-07-01 00:00:00,1900-01-01 09:00:00,1900-01-01 14:00:00,2021-01-06 00:00:00,10:46:18 AM,5.0,09:00:00,14:00:00
Saturday,2021-05-01 00:00:00,1900-01-01 09:00:00,1900-01-01 14:00:00,2021-01-04 00:00:00,12:39:16 PM,5.0,09:00:00,14:00:00
Wednesday,2020-12-30 00:00:00,1900-01-01 09:00:00,1900-01-01 14:00:00,2020-12-29 00:00:00,12:17:25 PM,5.0,09:00:00,14:00:00
Tuesday,2020-12-29 00:00:00,1900-01-01 09:00:00,1900-01-01 14:00:00,2020-12-25 00:00:00,7:18:34 PM,5.0,09:00:00,14:00:00
Monday,2020-12-28 00:00:00,1900-01-01 09:00:00,1900-01-01 14:00:00,2020-12-25 00:00:00,7:14:11 PM,5.0,09:00:00,14:00:00
Thursday,2020-12-24 00:00:00,1900-01-01 09:00:00,1900-01-01 14:00:00,2020-12-23 00:00:00,6:01:19 PM,5.0,09:00:00,14:00:00
Wednesday,2020-12-23 00:00:00,1900-01-01 09:00:00,1900-01-01 14:00:00,2020-12-23 00:00:00,8:40:12 AM,5.0,09:00:00,14:00:00
Tuesday,2020-12-22 00:00:00,1900-01-01 09:00:00,1900-01-01 14:00:00,2020-12-21 00:00:00,9:57:25 AM,5.0,09:00:00,14:00:00
Monday,2020-12-21 00:00:00,1900-01-01 09:00:00,1900-01-01 14:00:00,2020-12-21 00:00:00,9:51:58 AM,5.0,09:00:00,14:00:00
Saturday,2020-12-19 00:00:00,1900-01-01 09:00:00,1900-01-01 14:00:00,2020-12-17 00:00:00,10:31:01 PM,5.0,09:00:00,14:00:00
Tuesday,2020-12-15 00:00:00,1900-01-01 09:00:00,1900-01-01 14:00:00,2020-12-12 00:00:00,10:22:20 AM,5.0,09:00:00,14:00:00
Thursday,2020-11-12 00:00:00,1900-01-01 09:00:00,1900-01-01 14:00:00,2020-12-10 00:00:00,9:24:47 AM,5.0,09:00:00,14:00:00
Tuesday,2020-05-12 00:00:00,1900-01-01 09:00:00,1900-01-01 14:00:00,2020-12-04 00:00:00,9:58:17 AM,5.0,09:00:00,14:00:00
Tuesday,2020-11-24 00:00:00,1900-01-01 09:00:00,1900-01-01 14:00:00,2020-11-23 00:00:00,10:46:25 AM,5.0,09:00:00,14:00:00
Saturday,2020-11-21 00:00:00,1900-01-01 09:00:00,1900-01-01 14:00:00,2020-11-20 00:00:00,9:09:04 PM,5.0,09:00:00,14:00:00
Wednesday,2020-11-18 00:00:00,1900-01-01 09:00:00,1900-01-01 14:00:00,2020-11-17 00:00:00,8:47:37 AM,5.0,09:00:00,14:00:00
Tuesday,2020-11-17 00:00:00,1900-01-01 09:00:00,1900-01-01 14:00:00,2020-11-17 00:00:00,8:42:51 AM,5.0,09:00:00,14:00:00
Friday,2020-12-11 00:00:00,1900-01-01 09:00:00,1900-01-01 14:00:00,2020-11-11 00:00:00,6:03:42 PM,5.0,09:00:00,14:00:00
Wednesday,2020-11-11 00:00:00,1900-01-01 09:00:00,1900-01-01 14:00:00,2020-11-10 00:00:00,9:38:31 AM,5.0,09:00:00,14:00:00
Saturday,2020-07-11 00:00:00,1900-01-01 09:00:00,1900-01-01 14:00:00,2020-11-06 00:00:00,9:17:26 AM,5.0,09:00:00,14:00:00
Monday,2020-05-11 00:00:00,1900-01-01 09:00:00,1900-01-01 14:00:00,2020-11-04 00:00:00,10:01:50 AM,5.0,09:00:00,14:00:00
Saturday,2020-10-31 00:00:00,1900-01-01 09:00:00,1900-01-01 14:00:00,2020-10-30 00:00:00,9:00:52 AM,5.0,09:00:00,14:00:00
Thursday,2020-10-29 00:00:00,1900-01-01 09:00:00,1900-01-01 14:00:00,2020-10-28 00:00:00,9:01:39 AM,5.0,09:00:00,14:00:00
Wednesday,2020-10-28 00:00:00,1900-01-01 09:00:00,1900-01-01 14:00:00,2020-10-26 00:00:00,12:49:01 PM,5.0,09:00:00,14:00:00
Wednesday,2020-10-21 00:00:00,1900-01-01 09:00:00,1900-01-01 14:00:00,2020-10-20 00:00:00,9:45:37 AM,5.0,09:00:00,14:00:00
Tuesday,2020-10-20 00:00:00,1900-01-01 09:00:00,1900-01-01 14:00:00,2020-10-20 00:00:00,8:34:44 AM,5.0,09:00:00,14:00:00
Saturday,2020-10-17 00:00:00,1900-01-01 09:00:00,1900-01-01 14:00:00,2020-10-16 00:00:00,8:46:21 AM,5.0,09:00:00,14:00:00
Friday,2020-10-16 00:00:00,1900-01-01 09:00:00,1900-01-01 14:00:00,2020-10-15 00:00:00,4:10:03 PM,5.0,09:00:00,14:00:00
Thursday,2020-10-15 00:00:00,1900-01-01 09:00:00,1900-01-01 14:00:00,2020-10-14 00:00:00,9:37:22 AM,5.0,09:00:00,14:00:00
Wednesday,2020-10-14 00:00:00,1900-01-01 09:00:00,1900-01-01 14:00:00,2020-10-13 00:00:00,8:25:18 AM,5.0,09:00:00,14:00:00
Tuesday,2020-10-13 00:00:00,1900-01-01 09:00:00,1900-01-01 14:00:00,2020-10-10 00:00:00,12:31:57 PM,5.0,09:00:00,14:00:00
Thursday,2020-09-10 00:00:00,1900-01-01 09:00:00,1900-01-01 14:00:00,2020-10-09 00:00:00,9:14:51 AM,5.0,09:00:00,14:00:00
Monday,2020-08-10 00:00:00,1900-01-01 09:00:00,1900-01-01 14:00:00,2020-10-07 00:00:00,8:54:14 AM,5.0,09:00:00,14:00:00
Friday,2020-07-10 00:00:00,1900-01-01 09:00:00,1900-01-01 14:00:00,2020-10-07 00:00:00,8:46:44 AM,5.0,09:00:00,14:00:00
Friday,2020-09-25 00:00:00,1900-01-01 09:00:00,1900-01-01 14:00:00,2020-09-24 00:00:00,9:01:47 AM,5.0,09:00:00,14:00:00
Thursday,2020-09-24 00:00:00,1900-01-01 09:00:00,1900-01-01 14:00:00,2020-09-23 00:00:00,9:47:14 AM,5.0,09:00:00,14:00:00
Wednesday,2020-09-23 00:00:00,1900-01-01 09:00:00,1900-01-01 14:00:00,2020-09-23 00:00:00,9:37:59 AM,5.0,09:00:00,14:00:00
Friday,2020-10-09 00:00:00,1900-01-01 09:00:00,1900-01-01 14:00:00,2020-09-10 00:00:00,1:16:01 PM,5.0,09:00:00,14:00:00
Wednesday,2020-09-09 00:00:00,1900-01-01 09:00:00,1900-01-01 14:00:00,2020-09-09 00:00:00,8:41:23 AM,5.0,09:00:00,14:00:00
Sunday,2020-08-09 00:00:00,1900-01-01 09:00:00,1900-01-01 14:00:00,2020-09-08 00:00:00,7:39:59 AM,5.0,09:00:00,14:00:00
Saturday,2020-05-09 00:00:00,1900-01-01 09:00:00,1900-01-01 14:00:00,2020-09-04 00:00:00,8:22:12 AM,5.0,09:00:00,14:00:00
Monday,2020-03-09 00:00:00,1900-01-01 09:00:00,1900-01-01 14:00:00,2020-09-03 00:00:00,9:04:33 AM,5.0,09:00:00,14:00:00
Friday,2020-08-28 00:00:00,1900-01-01 09:00:00,1900-01-01 14:00:00,2020-08-28 00:00:00,10:13:36 AM,5.0,09:00:00,14:00:00
Thursday,2020-08-27 00:00:00,1900-01-01 09:00:00,1900-01-01 14:00:00,2020-08-26 00:00:00,8:18:34 AM,5.0,09:00:00,14:00:00
Wednesday,2020-08-26 00:00:00,1900-01-01 09:00:00,1900-01-01 14:00:00,2020-08-25 00:00:00,12:24:34 PM,5.0,09:00:00,14:00:00
Monday,2020-08-24 00:00:00,1900-01-01 09:00:00,1900-01-01 14:00:00,2020-08-24 00:00:00,1:55:00 PM,5.0,09:00:00,14:00:00
Friday,2020-08-21 00:00:00,1900-01-01 09:00:00,1900-01-01 14:00:00,2020-08-20 00:00:00,9:45:14 AM,5.0,09:00:00,14:00:00
Thursday,2020-08-20 00:00:00,1900-01-01 09:00:00,1900-01-01 14:00:00,2020-08-20 00:00:00,9:36:29 AM,5.0,09:00:00,14:00:00
Tuesday,2020-08-18 00:00:00,1900-01-01 09:00:00,1900-01-01 14:00:00,2020-08-17 00:00:00,8:47:04 PM,5.0,09:00:00,14:00:00
Thursday,2020-08-13 00:00:00,1900-01-01 09:00:00,1900-01-01 14:00:00,2020-08-12 00:00:00,3:04:24 PM,5.0,09:00:00,14:00:00
Tuesday,2020-12-08 00:00:00,1900-01-01 09:00:00,1900-01-01 14:00:00,2020-08-11 00:00:00,9:33:23 AM,5.0,09:00:00,14:00:00
Thursday,2020-10-08 00:00:00,1900-01-01 09:00:00,1900-01-01 14:00:00,2020-08-09 00:00:00,12:55:45 PM,5.0,09:00:00,14:00:00
Wednesday,2020-07-08 00:00:00,1900-01-01 09:00:00,1900-01-01 14:00:00,2020-08-06 00:00:00,10:31:58 AM,5.0,09:00:00,14:00:00
Friday,2020-05-08 00:00:00,1900-01-01 09:00:00,1900-01-01 14:00:00,2020-08-04 00:00:00,9:51:25 AM,5.0,09:00:00,14:00:00
Wednesday,2020-04-08 00:00:00,1900-01-01 09:00:00,1900-01-01 14:00:00,2020-08-03 00:00:00,5:24:29 PM,5.0,09:00:00,14:00:00
Sunday,2020-03-08 00:00:00,1900-01-01 09:00:00,1900-01-01 14:00:00,2020-08-03 00:00:00,9:18:55 AM,5.0,09:00:00,14:00:00
Friday,2020-07-31 00:00:00,1900-01-01 09:00:00,1900-01-01 14:00:00,2020-07-31 00:00:00,9:22:03 AM,5.0,09:00:00,14:00:00
Friday,2020-04-03 00:00:00,1900-01-01 09:00:00,1900-01-01 17:00:00,2020-03-03 00:00:00,10:25:34 AM,8.0,09:00:00,17:00:00
Saturday,2020-02-29 00:00:00,1900-01-01 09:00:00,1900-01-01 17:00:00,2020-02-28 00:00:00,10:49:54 AM,8.0,09:00:00,17:00:00
Friday,2020-02-28 00:00:00,1900-01-01 09:00:00,1900-01-01 17:00:00,2020-02-27 00:00:00,10:21:16 AM,8.0,09:00:00,17:00:00
Thursday,2020-02-27 00:00:00,1900-01-01 09:00:00,1900-01-01 17:00:00,2020-02-26 00:00:00,10:32:25 AM,8.0,09:00:00,17:00:00
Wednesday,2020-02-26 00:00:00,1900-01-01 09:00:00,1900-01-01 17:00:00,2020-02-25 00:00:00,9:56:42 AM,8.0,09:00:00,17:00:00
Tuesday,2020-02-25 00:00:00,1900-01-01 09:00:00,1900-01-01 17:00:00,2020-02-24 00:00:00,10:34:41 AM,8.0,09:00:00,17:00:00
Friday,2020-02-21 00:00:00,1900-01-01 09:00:00,1900-01-01 17:00:00,2020-02-20 00:00:00,5:33:53 PM,8.0,09:00:00,17:00:00
Thursday,2020-02-20 00:00:00,1900-01-01 09:00:00,1900-01-01 17:00:00,2020-02-19 00:00:00,10:18:08 AM,8.0,09:00:00,17:00:00
Wednesday,2020-02-19 00:00:00,1900-01-01 09:00:00,1900-01-01 17:00:00,2020-02-18 00:00:00,10:28:26 AM,8.0,09:00:00,17:00:00
Tuesday,2020-02-18 00:00:00,1900-01-01 09:00:00,1900-01-01 17:00:00,2020-02-17 00:00:00,11:02:11 AM,8.0,09:00:00,17:00:00
Monday,2020-02-17 00:00:00,1900-01-01 09:00:00,1900-01-01 17:00:00,2020-02-16 00:00:00,10:18:29 AM,8.0,09:00:00,17:00:00
Saturday,2020-02-15 00:00:00,1900-01-01 09:00:00,1900-01-01 17:00:00,2020-02-14 00:00:00,10:44:15 AM,8.0,09:00:00,17:00:00
Friday,2020-02-14 00:00:00,1900-01-01 09:00:00,1900-01-01 17:00:00,2020-02-13 00:00:00,10:29:22 AM,8.0,09:00:00,17:00:00
Thursday,2020-02-13 00:00:00,1900-01-01 09:00:00,1900-01-01 17:00:00,2020-02-12 00:00:00,10:47:56 AM,8.0,09:00:00,17:00:00
Wednesday,2020-12-02 00:00:00,1900-01-01 09:00:00,1900-01-01 17:00:00,2020-02-11 00:00:00,10:41:27 AM,8.0,09:00:00,17:00:00
Monday,2020-11-02 00:00:00,1900-01-01 09:00:00,1900-01-01 17:00:00,2020-02-10 00:00:00,10:49:24 AM,8.0,09:00:00,17:00:00
Friday,2020-10-02 00:00:00,1900-01-01 09:00:00,1900-01-01 17:00:00,2020-02-09 00:00:00,10:18:11 AM,8.0,09:00:00,17:00:00
Thursday,2020-07-02 00:00:00,1900-01-01 09:00:00,1900-01-01 17:00:00,2020-02-06 00:00:00,10:40:08 AM,8.0,09:00:00,17:00:00
Tuesday,2020-06-02 00:00:00,1900-01-01 09:00:00,1900-01-01 17:00:00,2020-02-05 00:00:00,10:17:07 AM,8.0,09:00:00,17:00:00
Saturday,2020-05-02 00:00:00,1900-01-01 09:00:00,1900-01-01 17:00:00,2020-02-04 00:00:00,10:09:20 AM,8.0,09:00:00,17:00:00
Thursday,2020-04-02 00:00:00,1900-01-01 09:00:00,1900-01-01 17:00:00,2020-02-03 00:00:00,10:26:28 AM,8.0,09:00:00,17:00:00
Monday,2020-03-02 00:00:00,1900-01-01 09:00:00,1900-01-01 17:00:00,2020-02-03 00:00:00,10:16:23 AM,8.0,09:00:00,17:00:00
Thursday,2020-01-02 00:00:00,1900-01-01 09:00:00,1900-01-01 17:00:00,2020-01-31 00:00:00,2:36:32 PM,8.0,09:00:00,17:00:00
Friday,2020-01-31 00:00:00,1900-01-01 09:00:00,1900-01-01 17:00:00,2020-01-30 00:00:00,10:32:36 AM,8.0,09:00:00,17:00:00
Thursday,2020-01-30 00:00:00,1900-01-01 09:00:00,1900-01-01 17:00:00,2020-01-29 00:00:00,10:02:40 AM,8.0,09:00:00,17:00:00
Wednesday,2020-01-29 00:00:00,1900-01-01 09:00:00,1900-01-01 17:00:00,2020-01-28 00:00:00,9:58:27 AM,8.0,09:00:00,17:00:00
Tuesday,2020-01-28 00:00:00,1900-01-01 09:00:00,1900-01-01 17:00:00,2020-01-27 00:00:00,11:06:51 AM,8.0,09:00:00,17:00:00
Monday,2020-01-27 00:00:00,1900-01-01 09:00:00,1900-01-01 17:00:00,2020-01-27 00:00:00,11:02:22 AM,8.0,09:00:00,17:00:00
Friday,2020-01-24 00:00:00,1900-01-01 09:00:00,1900-01-01 17:00:00,2020-01-23 00:00:00,10:23:33 AM,8.0,09:00:00,17:00:00
Thursday,2020-01-23 00:00:00,1900-01-01 09:00:00,1900-01-01 17:00:00,2020-01-22 00:00:00,10:33:56 AM,8.0,09:00:00,17:00:00
Wednesday,2020-01-22 00:00:00,1900-01-01 09:00:00,1900-01-01 17:00:00,2020-01-21 00:00:00,12:40:56 PM,8.0,09:00:00,17:00:00
Tuesday,2020-01-21 00:00:00,1900-01-01 09:00:00,1900-01-01 17:00:00,2020-01-20 00:00:00,10:19:39 AM,8.0,09:00:00,17:00:00
Thursday,2020-10-01 00:00:00,1900-01-01 09:00:00,1900-01-01 17:00:00,2020-01-09 00:00:00,9:55:27 AM,8.0,09:00:00,17:00:00
Tuesday,2020-09-01 00:00:00,1900-01-01 09:00:00,1900-01-01 17:00:00,2020-01-08 00:00:00,10:44:42 AM,8.0,09:00:00,17:00:00
Wednesday,2020-07-01 00:00:00,1900-01-01 09:00:00,1900-01-01 17:00:00,2020-01-06 00:00:00,9:47:51 AM,8.0,09:00:00,17:00:00
Wednesday,2020-04-01 00:00:00,1900-01-01 09:00:00,1900-01-01 17:00:00,2020-01-03 00:00:00,10:39:03 AM,8.0,09:00:00,17:00:00
Sunday,2020-03-01 00:00:00,1900-01-01 09:00:00,1900-01-01 17:00:00,2020-01-02 00:00:00,5:18:31 PM,8.0,09:00:00,17:00:00
Saturday,2019-12-28 00:00:00,1900-01-01 09:00:00,1900-01-01 17:00:00,2019-12-27 00:00:00,11:08:20 AM,8.0,09:00:00,17:00:00
Tuesday,2019-12-24 00:00:00,1900-01-01 09:00:00,1900-01-01 17:00:00,2019-12-23 00:00:00,10:16:27 AM,8.0,09:00:00,17:00:00
Saturday,2019-12-21 00:00:00,1900-01-01 09:00:00,1900-01-01 17:00:00,2019-12-20 00:00:00,10:42:47 AM,8.0,09:00:00,17:00:00
Friday,2019-07-12 00:00:00,1900-01-01 09:00:00,1900-01-01 17:00:00,2019-12-06 00:00:00,10:13:38 AM,8.0,09:00:00,17:00:00
Sunday,2019-05-12 00:00:00,1900-01-01 09:00:00,1900-01-01 17:00:00,2019-12-04 00:00:00,9:46:19 AM,8.0,09:00:00,17:00:00
Saturday,2019-11-30 00:00:00,1900-01-01 09:00:00,1900-01-01 17:00:00,2019-11-29 00:00:00,9:48:09 AM,8.0,09:00:00,17:00:00
Thursday,2019-11-28 00:00:00,1900-01-01 09:00:00,1900-01-01 17:00:00,2019-11-27 00:00:00,10:41:09 AM,8.0,09:00:00,17:00:00
Wednesday,2019-11-27 00:00:00,1900-01-01 09:00:00,1900-01-01 17:00:00,2019-11-26 00:00:00,10:14:10 AM,8.0,09:00:00,17:00:00
Tuesday,2019-11-26 00:00:00,1900-01-01 09:00:00,1900-01-01 17:00:00,2019-11-25 00:00:00,9:40:52 AM,8.0,09:00:00,17:00:00
Friday,2019-11-22 00:00:00,1900-01-01 09:00:00,1900-01-01 17:00:00,2019-11-21 00:00:00,10:09:18 AM,8.0,09:00:00,17:00:00
Thursday,2019-11-21 00:00:00,1900-01-01 09:00:00,1900-01-01 17:00:00,2019-11-20 00:00:00,9:55:43 AM,8.0,09:00:00,17:00:00
Tuesday,2019-11-19 00:00:00,1900-01-01 09:00:00,1900-01-01 17:00:00,2019-11-18 00:00:00,9:40:23 AM,8.0,09:00:00,17:00:00
Saturday,2019-11-16 00:00:00,1900-01-01 09:00:00,1900-01-01 17:00:00,2019-11-15 00:00:00,10:27:40 AM,8.0,09:00:00,17:00:00
Friday,2019-11-15 00:00:00,1900-01-01 09:00:00,1900-01-01 17:00:00,2019-11-14 00:00:00,10:00:33 AM,8.0,09:00:00,17:00:00
Thursday,2019-11-14 00:00:00,1900-01-01 09:00:00,1900-01-01 17:00:00,2019-11-13 00:00:00,9:59:53 AM,8.0,09:00:00,17:00:00
Wednesday,2019-11-13 00:00:00,1900-01-01 09:00:00,1900-01-01 17:00:00,2019-11-12 00:00:00,9:55:44 AM,8.0,09:00:00,17:00:00
Wednesday,2019-09-11 00:00:00,1900-01-01 09:00:00,1900-01-01 17:00:00,2019-11-08 00:00:00,9:43:08 AM,8.0,09:00:00,17:00:00
Sunday,2019-08-11 00:00:00,1900-01-01 09:00:00,1900-01-01 17:00:00,2019-11-07 00:00:00,12:24:09 PM,8.0,09:00:00,17:00:00
Thursday,2019-07-11 00:00:00,1900-01-01 09:00:00,1900-01-01 17:00:00,2019-11-06 00:00:00,10:09:28 AM,8.0,09:00:00,17:00:00
Saturday,2019-05-11 00:00:00,1900-01-01 09:00:00,1900-01-01 17:00:00,2019-11-04 00:00:00,9:44:26 AM,8.0,09:00:00,17:00:00
Thursday,2019-10-31 00:00:00,1900-01-01 09:00:00,1900-01-01 17:00:00,2019-10-30 00:00:00,10:47:50 AM,8.0,09:00:00,17:00:00
Wednesday,2019-10-23 00:00:00,1900-01-01 09:00:00,1900-01-01 17:00:00,2019-10-22 00:00:00,10:04:52 AM,8.0,09:00:00,17:00:00
Tuesday,2019-10-22 00:00:00,1900-01-01 09:00:00,1900-01-01 17:00:00,2019-10-21 00:00:00,10:32:50 AM,8.0,09:00:00,17:00:00
Saturday,2019-10-19 00:00:00,1900-01-01 09:00:00,1900-01-01 17:00:00,2019-10-18 00:00:00,10:03:32 AM,8.0,09:00:00,17:00:00
Friday,2019-10-18 00:00:00,1900-01-01 09:00:00,1900-01-01 17:00:00,2019-10-17 00:00:00,9:58:10 AM,8.0,09:00:00,17:00:00
Thursday,2019-10-17 00:00:00,1900-01-01 09:00:00,1900-01-01 16:00:00,2019-10-16 00:00:00,10:02:22 AM,7.0,09:00:00,16:00:00
Wednesday,2019-10-16 00:00:00,1900-01-01 09:00:00,1900-01-01 16:00:00,2019-10-15 00:00:00,9:25:28 AM,7.0,09:00:00,16:00:00
Tuesday,2019-10-15 00:00:00,1900-01-01 09:00:00,1900-01-01 16:00:00,2019-10-14 00:00:00,11:28:06 AM,7.0,09:00:00,16:00:00
Sunday,2019-11-10 00:00:00,1900-01-01 09:00:00,1900-01-01 16:00:00,2019-10-10 00:00:00,9:55:56 AM,7.0,09:00:00,16:00:00
Thursday,2019-10-10 00:00:00,1900-01-01 09:00:00,1900-01-01 16:00:00,2019-10-09 00:00:00,11:51:27 AM,7.0,09:00:00,16:00:00
Friday,2019-05-10 00:00:00,1900-01-01 09:00:00,1900-01-01 16:00:00,2019-10-04 00:00:00,6:05:00 PM,7.0,09:00:00,16:00:00
Thursday,2019-03-07 00:00:00,1900-01-01 09:00:00,1900-01-01 16:00:00,2019-07-02 00:00:00,10:00:17 AM,7.0,09:00:00,16:00:00
Thursday,2019-02-07 00:00:00,1900-01-01 09:00:00,1900-01-01 16:00:00,2019-07-01 00:00:00,10:05:27 AM,7.0,09:00:00,16:00:00
Saturday,2019-06-29 00:00:00,1900-01-01 09:00:00,1900-01-01 16:00:00,2019-06-28 00:00:00,11:11:39 AM,7.0,09:00:00,16:00:00
Friday,2019-07-05 00:00:00,1900-01-01 09:00:00,1900-01-01 16:00:00,2019-05-06 00:00:00,9:43:43 AM,7.0,09:00:00,16:00:00
Friday,2018-08-24 00:00:00,1900-01-01 09:00:00,1900-01-01 16:00:00,2018-08-23 00:00:00,9:57:24 AM,7.0,09:00:00,16:00:00
Thursday,2018-08-23 00:00:00,1900-01-01 09:00:00,1900-01-01 16:00:00,2018-08-22 00:00:00,9:45:26 AM,7.0,09:00:00,16:00:00
Tuesday,2018-07-24 00:00:00,1900-01-01 09:00:00,1900-01-01 16:00:00,2018-07-23 00:00:00,10:03:05 AM,7.0,09:00:00,16:00:00
Wednesday,2018-01-31 00:00:00,1900-01-01 09:00:00,1900-01-01 16:00:00,2018-01-30 00:00:00,11:02:15 AM,7.0,09:00:00,16:00:00
Friday,2017-08-04 00:00:00,1900-01-01 10:00:00,1900-01-01 16:00:00,2017-08-03 00:00:00,4:38:00 PM,6.0,10:00:00,16:00:00
Tuesday,2017-08-01 00:00:00,1900-01-01 10:00:00,1900-01-01 16:00:00,2017-07-31 00:00:00,2:57:45 PM,6.0,10:00:00,16:00:00
Friday,2017-07-28 00:00:00,1900-01-01 10:00:00,1900-01-01 16:00:00,2017-07-27 00:00:00,4:26:14 PM,6.0,10:00:00,16:00:00
Tuesday,2017-04-25 00:00:00,1900-01-01 06:00:00,1900-01-01 14:00:00,2017-04-24 00:00:00,4:49:32 PM,8.0,06:00:00,14:00:00
Saturday,2016-03-26 00:00:00,1900-01-01 09:00:00,1900-01-01 17:00:00,2016-03-25 00:00:00,2:38:48 PM,8.0,09:00:00,17:00:00
Friday,2016-02-19 00:00:00,1900-01-01 09:00:00,1900-01-01 14:00:00,2016-02-18 00:00:00,9:36:57 AM,5.0,09:00:00,14:00:00
Tuesday,2014-11-18 00:00:00,1900-01-01 09:00:00,1900-01-01 14:00:00,2014-11-16 00:00:00,9:21:51 AM,5.0,09:00:00,14:00:00
Monday,2014-11-17 00:00:00,1900-01-01 09:00:00,1900-01-01 14:00:00,2014-11-16 00:00:00,9:05:20 AM,5.0,09:00:00,14:00:00
Saturday,2014-11-15 00:00:00,1900-01-01 09:00:00,1900-01-01 14:00:00,2014-11-14 00:00:00,10:07:38 AM,5.0,09:00:00,14:00:00
Friday,2014-11-14 00:00:00,1900-01-01 09:00:00,1900-01-01 14:00:00,2014-11-12 00:00:00,4:27:17 PM,5.0,09:00:00,14:00:00
Thursday,2014-11-13 00:00:00,1900-01-01 09:00:00,1900-01-01 14:00:00,2014-11-11 00:00:00,4:11:21 PM,5.0,09:00:00,14:00:00
Thursday,2014-12-11 00:00:00,1900-01-01 09:00:00,1900-01-01 14:00:00,2014-11-10 00:00:00,5:51:28 PM,5.0,09:00:00,14:00:00
Tuesday,2014-11-11 00:00:00,1900-01-01 09:00:00,1900-01-01 14:00:00,2014-11-10 00:00:00,9:59:30 AM,5.0,09:00:00,14:00:00
Monday,2014-08-11 00:00:00,1900-01-01 09:00:00,1900-01-01 14:00:00,2014-11-06 00:00:00,5:41:34 PM,5.0,09:00:00,14:00:00
Friday,2014-07-11 00:00:00,1900-01-01 09:00:00,1900-01-01 14:00:00,2014-11-05 00:00:00,6:11:17 PM,5.0,09:00:00,14:00:00
Wednesday,2014-06-11 00:00:00,1900-01-01 09:00:00,1900-01-01 14:00:00,2014-11-03 00:00:00,5:00:36 PM,5.0,09:00:00,14:00:00
Sunday,2014-05-11 00:00:00,1900-01-01 09:00:00,1900-01-01 14:00:00,2014-11-03 00:00:00,4:59:09 PM,5.0,09:00:00,14:00:00
Tuesday,2014-03-11 00:00:00,1900-01-01 09:00:00,1900-01-01 14:00:00,2014-11-02 00:00:00,11:14:53 AM,5.0,09:00:00,14:00:00
Friday,2014-10-31 00:00:00,1900-01-01 09:00:00,1900-01-01 14:00:00,2014-10-30 00:00:00,9:49:21 AM,5.0,09:00:00,14:00:00
Thursday,2014-10-30 00:00:00,1900-01-01 09:00:00,1900-01-01 14:00:00,2014-10-28 00:00:00,4:56:48 PM,5.0,09:00:00,14:00:00
Wednesday,2014-10-29 00:00:00,1900-01-01 09:00:00,1900-01-01 14:00:00,2014-10-27 00:00:00,5:56:07 PM,5.0,09:00:00,14:00:00
Tuesday,2014-10-28 00:00:00,1900-01-01 09:00:00,1900-01-01 14:00:00,2014-10-27 00:00:00,5:51:12 PM,5.0,09:00:00,14:00:00
Tuesday,2014-10-28 00:00:00,1900-01-01 09:00:00,1900-01-01 14:00:00,2014-10-25 00:00:00,6:11:19 PM,5.0,09:00:00,14:00:00
Monday,2014-10-27 00:00:00,1900-01-01 09:00:00,1900-01-01 14:00:00,2014-10-25 00:00:00,6:09:54 PM,5.0,09:00:00,14:00:00
Saturday,2014-10-25 00:00:00,1900-01-01 09:00:00,1900-01-01 14:00:00,2014-10-24 00:00:00,11:04:26 AM,5.0,09:00:00,14:00:00
Friday,2014-10-24 00:00:00,1900-01-01 09:00:00,1900-01-01 14:00:00,2014-10-24 00:00:00,11:02:30 AM,5.0,09:00:00,14:00:00
Monday,2014-10-20 00:00:00,1900-01-01 09:00:00,1900-01-01 14:00:00,2014-10-19 00:00:00,11:08:55 AM,5.0,09:00:00,14:00:00
Saturday,2014-10-18 00:00:00,1900-01-01 09:00:00,1900-01-01 14:00:00,2014-10-17 00:00:00,10:11:25 AM,5.0,09:00:00,14:00:00
Friday,2014-10-17 00:00:00,1900-01-01 09:00:00,1900-01-01 14:00:00,2014-10-16 00:00:00,10:31:53 AM,5.0,09:00:00,14:00:00
Thursday,2014-10-16 00:00:00,1900-01-01 09:00:00,1900-01-01 14:00:00,2014-10-15 00:00:00,10:13:05 AM,5.0,09:00:00,14:00:00
Wednesday,2014-10-15 00:00:00,1900-01-01 09:00:00,1900-01-01 14:00:00,2014-10-13 00:00:00,6:14:25 PM,5.0,09:00:00,14:00:00
Tuesday,2014-10-14 00:00:00,1900-01-01 09:00:00,1900-01-01 14:00:00,2014-10-11 00:00:00,5:09:49 PM,5.0,09:00:00,14:00:00
Monday,2014-10-13 00:00:00,1900-01-01 09:00:00,1900-01-01 14:00:00,2014-10-11 00:00:00,5:06:20 PM,5.0,09:00:00,14:00:00
Monday,2014-11-10 00:00:00,1900-01-01 09:00:00,1900-01-01 14:00:00,2014-10-09 00:00:00,5:45:49 PM,5.0,09:00:00,14:00:00
Friday,2014-10-10 00:00:00,1900-01-01 09:00:00,1900-01-01 14:00:00,2014-10-09 00:00:00,5:41:06 PM,5.0,09:00:00,14:00:00
Wednesday,2014-09-10 00:00:00,1900-01-01 09:00:00,1900-01-01 14:00:00,2014-10-07 00:00:00,5:16:30 PM,5.0,09:00:00,14:00:00
Sunday,2014-08-10 00:00:00,1900-01-01 09:00:00,1900-01-01 14:00:00,2014-10-06 00:00:00,9:52:30 AM,5.0,09:00:00,14:00:00
Thursday,2014-07-10 00:00:00,1900-01-01 09:00:00,1900-01-01 14:00:00,2014-10-06 00:00:00,9:30:08 AM,5.0,09:00:00,14:00:00
Sunday,2014-10-05 00:00:00,1900-01-01 09:00:00,1900-01-01 17:00:00,2014-10-04 00:00:00,12:33:02 PM,8.0,09:00:00,17:00:00
Saturday,2014-09-27 00:00:00,1900-01-01 09:00:00,1900-01-01 14:00:00,2014-09-25 00:00:00,4:51:09 PM,5.0,09:00:00,14:00:00
Friday,2014-09-26 00:00:00,1900-01-01 09:00:00,1900-01-01 14:00:00,2014-09-24 00:00:00,5:25:55 PM,5.0,09:00:00,14:00:00
Thursday,2014-09-25 00:00:00,1900-01-01 09:00:00,1900-01-01 14:00:00,2014-09-23 00:00:00,3:41:43 PM,5.0,09:00:00,14:00:00
Wednesday,2014-09-24 00:00:00,1900-01-01 09:00:00,1900-01-01 14:00:00,2014-09-22 00:00:00,3:38:07 PM,5.0,09:00:00,14:00:00
Saturday,2014-09-20 00:00:00,1900-01-01 09:00:00,1900-01-01 14:00:00,2014-09-18 00:00:00,5:10:17 PM,5.0,09:00:00,14:00:00
Friday,2014-09-19 00:00:00,1900-01-01 09:00:00,1900-01-01 14:00:00,2014-09-17 00:00:00,4:38:55 PM,5.0,09:00:00,14:00:00
Thursday,2014-09-18 00:00:00,1900-01-01 09:00:00,1900-01-01 14:00:00,2014-09-16 00:00:00,5:14:13 PM,5.0,09:00:00,14:00:00
Wednesday,2014-09-17 00:00:00,1900-01-01 09:00:00,1900-01-01 14:00:00,2014-09-15 00:00:00,5:09:09 PM,5.0,09:00:00,14:00:00
Tuesday,2014-09-16 00:00:00,1900-01-01 09:00:00,1900-01-01 14:00:00,2014-09-13 00:00:00,6:29:46 PM,5.0,09:00:00,14:00:00
Monday,2014-09-15 00:00:00,1900-01-01 09:00:00,1900-01-01 14:00:00,2014-09-13 00:00:00,6:13:05 PM,5.0,09:00:00,14:00:00
Saturday,2014-09-13 00:00:00,1900-01-01 09:00:00,1900-01-01 14:00:00,2014-09-11 00:00:00,4:12:47 PM,5.0,09:00:00,14:00:00
Tuesday,2014-12-09 00:00:00,1900-01-01 09:00:00,1900-01-01 14:00:00,2014-09-10 00:00:00,4:17:17 PM,5.0,09:00:00,14:00:00
Sunday,2014-11-09 00:00:00,1900-01-01 09:00:00,1900-01-01 14:00:00,2014-09-09 00:00:00,3:56:40 PM,5.0,09:00:00,14:00:00
Thursday,2014-10-09 00:00:00,1900-01-01 09:00:00,1900-01-01 14:00:00,2014-09-08 00:00:00,4:59:46 PM,5.0,09:00:00,14:00:00
Tuesday,2014-09-09 00:00:00,1900-01-01 09:00:00,1900-01-01 14:00:00,2014-09-06 00:00:00,3:39:11 PM,5.0,09:00:00,14:00:00
Saturday,2014-08-09 00:00:00,1900-01-01 09:00:00,1900-01-01 14:00:00,2014-09-06 00:00:00,3:36:19 PM,5.0,09:00:00,14:00:00
Monday,2014-06-09 00:00:00,1900-01-01 09:00:00,1900-01-01 14:00:00,2014-09-04 00:00:00,4:15:42 PM,5.0,09:00:00,14:00:00
Friday,2014-05-09 00:00:00,1900-01-01 09:00:00,1900-01-01 14:00:00,2014-09-03 00:00:00,4:21:35 PM,5.0,09:00:00,14:00:00
Sunday,2014-03-09 00:00:00,1900-01-01 09:00:00,1900-01-01 14:00:00,2014-09-01 00:00:00,4:36:05 PM,5.0,09:00:00,14:00:00
Saturday,2014-08-30 00:00:00,1900-01-01 09:00:00,1900-01-01 14:00:00,2014-08-29 00:00:00,9:56:54 AM,5.0,09:00:00,14:00:00
Thursday,2014-08-28 00:00:00,1900-01-01 09:00:00,1900-01-01 14:00:00,2014-08-26 00:00:00,5:06:32 PM,5.0,09:00:00,14:00:00
Wednesday,2014-08-27 00:00:00,1900-01-01 09:00:00,1900-01-01 14:00:00,2014-08-25 00:00:00,4:03:05 PM,5.0,09:00:00,14:00:00
Tuesday,2014-08-26 00:00:00,1900-01-01 09:00:00,1900-01-01 14:00:00,2014-08-23 00:00:00,4:53:05 PM,5.0,09:00:00,14:00:00
Monday,2014-08-25 00:00:00,1900-01-01 09:00:00,1900-01-01 14:00:00,2014-08-23 00:00:00,4:50:59 PM,5.0,09:00:00,14:00:00
Saturday,2014-08-23 00:00:00,1900-01-01 09:00:00,1900-01-01 14:00:00,2014-08-21 00:00:00,4:52:53 PM,5.0,09:00:00,14:00:00
Friday,2014-08-22 00:00:00,1900-01-01 09:00:00,1900-01-01 14:00:00,2014-08-21 00:00:00,4:48:52 PM,5.0,09:00:00,14:00:00
Thursday,2014-08-21 00:00:00,1900-01-01 09:00:00,1900-01-01 14:00:00,2014-08-19 00:00:00,3:50:49 PM,5.0,09:00:00,14:00:00
Wednesday,2014-08-20 00:00:00,1900-01-01 09:00:00,1900-01-01 14:00:00,2014-08-18 00:00:00,3:46:03 PM,5.0,09:00:00,14:00:00
Tuesday,2014-08-19 00:00:00,1900-01-01 09:00:00,1900-01-01 14:00:00,2014-08-16 00:00:00,2:57:41 PM,5.0,09:00:00,14:00:00
Monday,2014-08-18 00:00:00,1900-01-01 09:00:00,1900-01-01 14:00:00,2014-08-16 00:00:00,2:55:58 PM,5.0,09:00:00,14:00:00
Saturday,2014-08-16 00:00:00,1900-01-01 09:00:00,1900-01-01 14:00:00,2014-08-14 00:00:00,5:36:40 PM,5.0,09:00:00,14:00:00
Thursday,2014-08-14 00:00:00,1900-01-01 09:00:00,1900-01-01 14:00:00,2014-08-12 00:00:00,5:24:13 PM,5.0,09:00:00,14:00:00
Wednesday,2014-08-13 00:00:00,1900-01-01 09:00:00,1900-01-01 14:00:00,2014-08-11 00:00:00,4:13:52 PM,5.0,09:00:00,14:00:00
Monday,2014-12-08 00:00:00,1900-01-01 09:00:00,1900-01-01 14:00:00,2014-08-09 00:00:00,1:49:40 PM,5.0,09:00:00,14:00:00
Saturday,2014-11-08 00:00:00,1900-01-01 09:00:00,1900-01-01 14:00:00,2014-08-09 00:00:00,1:48:18 PM,5.0,09:00:00,14:00:00
Monday,2014-09-08 00:00:00,1900-01-01 09:00:00,1900-01-01 14:00:00,2014-08-07 00:00:00,5:46:00 PM,5.0,09:00:00,14:00:00
Friday,2014-08-08 00:00:00,1900-01-01 09:00:00,1900-01-01 14:00:00,2014-08-06 00:00:00,4:56:20 PM,5.0,09:00:00,14:00:00
Tuesday,2014-07-08 00:00:00,1900-01-01 09:00:00,1900-01-01 14:00:00,2014-08-05 00:00:00,3:49:26 PM,5.0,09:00:00,14:00:00
Sunday,2014-06-08 00:00:00,1900-01-01 09:00:00,1900-01-01 14:00:00,2014-08-04 00:00:00,3:41:51 PM,5.0,09:00:00,14:00:00
Thursday,2014-05-08 00:00:00,1900-01-01 09:00:00,1900-01-01 14:00:00,2014-08-02 00:00:00,5:33:54 PM,5.0,09:00:00,14:00:00
Tuesday,2014-04-08 00:00:00,1900-01-01 09:00:00,1900-01-01 14:00:00,2014-08-02 00:00:00,5:29:49 PM,5.0,09:00:00,14:00:00
Saturday,2014-02-08 00:00:00,1900-01-01 09:00:00,1900-01-01 14:00:00,2014-07-31 00:00:00,3:47:04 PM,5.0,09:00:00,14:00:00
Thursday,2014-07-31 00:00:00,1900-01-01 09:00:00,1900-01-01 14:00:00,2014-07-28 00:00:00,5:10:17 PM,5.0,09:00:00,14:00:00
Wednesday,2014-07-30 00:00:00,1900-01-01 09:00:00,1900-01-01 14:00:00,2014-07-28 00:00:00,5:08:02 PM,5.0,09:00:00,14:00:00
Monday,2014-07-28 00:00:00,1900-01-01 09:00:00,1900-01-01 14:00:00,2014-07-26 00:00:00,3:47:58 PM,5.0,09:00:00,14:00:00
Saturday,2014-07-26 00:00:00,1900-01-01 09:00:00,1900-01-01 14:00:00,2014-07-25 00:00:00,9:51:30 AM,5.0,09:00:00,14:00:00
Friday,2014-07-25 00:00:00,1900-01-01 09:00:00,1900-01-01 14:00:00,2014-07-23 00:00:00,3:44:24 PM,5.0,09:00:00,14:00:00
Thursday,2014-07-24 00:00:00,1900-01-01 09:00:00,1900-01-01 14:00:00,2014-07-22 00:00:00,3:56:17 PM,5.0,09:00:00,14:00:00
Wednesday,2014-07-23 00:00:00,1900-01-01 09:00:00,1900-01-01 14:00:00,2014-07-21 00:00:00,4:15:09 PM,5.0,09:00:00,14:00:00
Tuesday,2014-07-22 00:00:00,1900-01-01 09:00:00,1900-01-01 14:00:00,2014-07-19 00:00:00,4:00:11 PM,5.0,09:00:00,14:00:00
Thursday,2014-07-17 00:00:00,1900-01-01 09:00:00,1900-01-01 14:00:00,2014-07-15 00:00:00,4:15:19 PM,5.0,09:00:00,14:00:00
Tuesday,2014-07-15 00:00:00,1900-01-01 09:00:00,1900-01-01 14:00:00,2014-07-11 00:00:00,5:03:32 PM,5.0,09:00:00,14:00:00
Friday,2014-11-07 00:00:00,1900-01-01 09:00:00,1900-01-01 14:00:00,2014-07-09 00:00:00,3:03:18 PM,5.0,09:00:00,14:00:00
Tuesday,2014-10-07 00:00:00,1900-01-01 09:00:00,1900-01-01 14:00:00,2014-07-08 00:00:00,4:09:15 PM,5.0,09:00:00,14:00:00
Sunday,2014-09-07 00:00:00,1900-01-01 09:00:00,1900-01-01 14:00:00,2014-07-07 00:00:00,4:54:56 PM,5.0,09:00:00,14:00:00
Thursday,2014-08-07 00:00:00,1900-01-01 09:00:00,1900-01-01 14:00:00,2014-07-05 00:00:00,3:54:44 PM,5.0,09:00:00,14:00:00
Wednesday,2014-05-07 00:00:00,1900-01-01 09:00:00,1900-01-01 14:00:00,2014-07-03 00:00:00,4:34:37 PM,5.0,09:00:00,14:00:00
Monday,2014-04-07 00:00:00,1900-01-01 09:00:00,1900-01-01 14:00:00,2014-07-02 00:00:00,3:34:36 PM,5.0,09:00:00,14:00:00
Friday,2014-02-07 00:00:00,1900-01-01 09:00:00,1900-01-01 14:00:00,2014-07-01 00:00:00,10:20:37 AM,5.0,09:00:00,14:00:00
Sunday,2014-06-29 00:00:00,1900-01-01 09:00:00,1900-01-01 14:00:00,2014-06-28 00:00:00,11:23:40 AM,5.0,09:00:00,14:00:00
Saturday,2014-06-28 00:00:00,1900-01-01 09:00:00,1900-01-01 14:00:00,2014-06-26 00:00:00,4:53:09 PM,5.0,09:00:00,14:00:00
Friday,2014-06-27 00:00:00,1900-01-01 09:00:00,1900-01-01 14:00:00,2014-06-25 00:00:00,5:55:38 PM,5.0,09:00:00,14:00:00
Thursday,2014-06-26 00:00:00,1900-01-01 09:00:00,1900-01-01 14:00:00,2014-06-24 00:00:00,3:55:09 PM,5.0,09:00:00,14:00:00
Wednesday,2014-06-25 00:00:00,1900-01-01 09:00:00,1900-01-01 14:00:00,2014-06-23 00:00:00,4:42:03 PM,5.0,09:00:00,14:00:00
Tuesday,2014-06-24 00:00:00,1900-01-01 09:00:00,1900-01-01 14:00:00,2014-06-21 00:00:00,5:01:29 PM,5.0,09:00:00,14:00:00
Monday,2014-06-23 00:00:00,1900-01-01 09:00:00,1900-01-01 14:00:00,2014-06-21 00:00:00,4:59:18 PM,5.0,09:00:00,14:00:00
Saturday,2014-06-21 00:00:00,1900-01-01 09:00:00,1900-01-01 14:00:00,2014-06-19 00:00:00,4:34:02 PM,5.0,09:00:00,14:00:00
Friday,2014-06-20 00:00:00,1900-01-01 09:00:00,1900-01-01 14:00:00,2014-06-18 00:00:00,4:30:02 PM,5.0,09:00:00,14:00:00
Thursday,2014-06-19 00:00:00,1900-01-01 09:00:00,1900-01-01 14:00:00,2014-06-17 00:00:00,5:18:26 PM,5.0,09:00:00,14:00:00
Wednesday,2014-06-18 00:00:00,1900-01-01 09:00:00,1900-01-01 14:00:00,2014-06-16 00:00:00,4:21:18 PM,5.0,09:00:00,14:00:00
Tuesday,2014-06-17 00:00:00,1900-01-01 09:00:00,1900-01-01 14:00:00,2014-06-14 00:00:00,10:07:32 AM,5.0,09:00:00,14:00:00
Monday,2014-06-16 00:00:00,1900-01-01 09:00:00,1900-01-01 14:00:00,2014-06-14 00:00:00,10:06:18 AM,5.0,09:00:00,14:00:00
Friday,2014-06-13 00:00:00,1900-01-01 09:00:00,1900-01-01 14:00:00,2014-06-11 00:00:00,5:00:09 PM,5.0,09:00:00,14:00:00
Saturday,2014-12-06 00:00:00,1900-01-01 09:00:00,1900-01-01 14:00:00,2014-06-10 00:00:00,4:12:15 PM,5.0,09:00:00,14:00:00
Thursday,2014-11-06 00:00:00,1900-01-01 09:00:00,1900-01-01 14:00:00,2014-06-09 00:00:00,4:03:40 PM,5.0,09:00:00,14:00:00
Monday,2014-10-06 00:00:00,1900-01-01 09:00:00,1900-01-01 14:00:00,2014-06-09 00:00:00,10:50:00 AM,5.0,09:00:00,14:00:00
Saturday,2014-05-24 00:00:00,1900-01-01 09:00:00,1900-01-01 14:00:00,2014-05-23 00:00:00,2:15:04 PM,5.0,09:00:00,14:00:00
Thursday,2014-05-22 00:00:00,1900-01-01 09:00:00,1900-01-01 14:00:00,2014-05-21 00:00:00,11:16:23 AM,5.0,09:00:00,14:00:00
Tuesday,2014-05-20 00:00:00,1900-01-01 09:00:00,1900-01-01 14:00:00,2014-05-19 00:00:00,10:25:07 AM,5.0,09:00:00,14:00:00
Sunday,2014-05-18 00:00:00,1900-01-01 09:00:00,1900-01-01 14:00:00,2014-05-17 00:00:00,6:04:36 PM,5.0,09:00:00,14:00:00
Saturday,2014-05-17 00:00:00,1900-01-01 09:00:00,1900-01-01 17:00:00,2014-05-16 00:00:00,2:43:16 PM,8.0,09:00:00,17:00:00
Sunday,2014-10-05 00:00:00,1900-01-01 09:00:00,1900-01-01 14:00:00,2014-05-09 00:00:00,4:13:21 PM,5.0,09:00:00,14:00:00
Friday,2014-09-05 00:00:00,1900-01-01 09:00:00,1900-01-01 14:00:00,2014-05-08 00:00:00,3:25:55 PM,5.0,09:00:00,14:00:00
Tuesday,2014-08-05 00:00:00,1900-01-01 09:00:00,1900-01-01 14:00:00,2014-05-07 00:00:00,12:09:01 PM,5.0,09:00:00,14:00:00
Saturday,2014-07-05 00:00:00,1900-01-01 09:00:00,1900-01-01 14:00:00,2014-05-06 00:00:00,11:18:47 AM,5.0,09:00:00,14:00:00
